"0","team1Win <- myData %>% "
"0","  ###Get the players of the team and which team won for team 1"
"0","  select(winner, t1_champ1id, t1_champ2id, t1_champ3id, t1_champ4id, t1_champ5id) %>% "
"0","  ###Change the variable to whether the team won or lost"
"0","  mutate(winner = case_when(winner == ""team 1""~ 1, "
"0","                            winner == ""team 2"" ~ 0, "
"0","                            TRUE ~ 2)) %>% "
"0","  ###Rename the variables so we can combine rows later"
"0","  rename(champ1id = t1_champ1id, champ2id = t1_champ2id, champ3id = t1_champ3id, champ4id = t1_champ4id, champ5id = t1_champ5id)"
"0","team2Win <- myData %>% "
"0","  ###Get the players of the team and which team won for team 2"
"0","  select(winner, t2_champ1id, t2_champ2id, t2_champ3id, t2_champ4id, t2_champ5id) %>% "
"0","  ###Change the variable to whether the team won or lost"
"0","  mutate(winner = case_when(winner == ""team 1""~ 0, "
"0","                            winner == ""team 2"" ~ 1, "
"0","                            TRUE ~ 2)) %>% "
"0","  ###Rename the variables so we can combine rows later"
"0","  rename(champ1id = t2_champ1id, champ2id = t2_champ2id, champ3id = t2_champ3id, champ4id = t2_champ4id, champ5id = t2_champ5id)"
"0","champWin <- bind_rows(team1Win, team2Win)"
"0","###Get frequency"
"0","champStats <- champWin %>% "
"0","  group_by(champ1id, winner) %>%"
"0","  tally() %>%"
"0","  ###Get the total number of games played for each character"
"0","  group_by(champ1id) %>%"
"0","  mutate(total = sum(n))%>%"
"0","  ###Get the winning percentage"
"0","  mutate(percentage = n/total * 100) %>% "
"0","  filter(winner == 1) %>%"
"0","  mutate(totalMean = case_when(total>746 ~1,"
"0","                               total<=746~0,"
"0","                               TRUE ~2)) %>% "
"0","  mutate_at(6, as.character)"
"0","  "
"0","ggplot(data = champStats, aes(x = champ1id, y = percentage, colour = total)) + geom_point(size = 3) +"
"0","  scale_colour_gradient(low = ""blue"", high = ""red"") "
