"0","summary(myData)"
"1","        gameId     "
"1","  gameDuration "
"1"," seasonId "
"1","    winner     "
"1","  firstBlood   "
"1","  firstTower   "
"1"," firstInhibitor"
"1","  firstBaron   "
"1"," firstDragon   "
"1","
"
"1"," 3322454614:    3  "
"1"," Min.   : 190  "
"1"," 9:51490  "
"1"," team 1:26077  "
"1"," 0     :  555  "
"1"," 0     : 1213  "
"1"," 0     : 6276  "
"1"," 0     :20258  "
"1"," 0     : 2000  "
"1","
"
"1"," 3322520878:    3  "
"1"," 1st Qu.:1531  "
"1","          "
"1"," team 2:25413  "
"1"," team 1:26113  "
"1"," team 1:25861  "
"1"," team 1:23054  "
"1"," team 1:14758  "
"1"," team 1:24690  "
"1","
"
"1"," 3327686351:    3  "
"1"," Median :1833  "
"1","          "
"1","               "
"1"," team 2:24822  "
"1"," team 2:24416  "
"1"," team 2:22160  "
"1"," team 2:16474  "
"1"," team 2:24800  "
"1","
"
"1"," 3327701740:    3  "
"1"," Mean   :1832  "
"1","          "
"1","               "
"1","               "
"1","               "
"1","               "
"1","               "
"1","               "
"1","
"
"1"," 3327746850:    3  "
"1"," 3rd Qu.:2148  "
"1","          "
"1","               "
"1","               "
"1","               "
"1","               "
"1","               "
"1","               "
"1","
"
"1"," 3327789705:    3  "
"1"," Max.   :4728  "
"1","          "
"1","               "
"1","               "
"1","               "
"1","               "
"1","               "
"1","               "
"1","
"
"1"," (Other)   :51472  "
"1","               "
"1","          "
"1","               "
"1","               "
"1","               "
"1","               "
"1","               "
"1","               "
"1","
"
"1"," firstRiftHerald"
"1","  t1_champ1id   "
"1"," t1_champ1_sum1 "
"1"," t1_champ1_sum2 "
"1","  t1_champ2id   "
"1"," t1_champ2_sum1 "
"1"," t1_champ2_sum2 "
"1","  t1_champ3id   "
"1","
"
"1"," 0:26179        "
"1"," 18     : 1299  "
"1"," 4      :28164  "
"1"," 4      :22216  "
"1"," 412    : 1342  "
"1"," 4      :27998  "
"1"," 4      :22490  "
"1"," 412    : 1322  "
"1","
"
"1"," 1:12948        "
"1"," 412    : 1182  "
"1"," 12     : 4968  "
"1"," 12     : 6395  "
"1"," 18     : 1295  "
"1"," 7      : 4922  "
"1"," 7      : 6309  "
"1"," 18     : 1295  "
"1","
"
"1"," 2:12363        "
"1"," 67     : 1030  "
"1"," 11     : 4711  "
"1"," 7      : 5758  "
"1"," 67     : 1084  "
"1"," 11     : 4780  "
"1"," 12     : 5954  "
"1"," 67     : 1085  "
"1","
"
"1","                "
"1"," 141    : 1006  "
"1"," 7      : 4581  "
"1"," 11     : 5635  "
"1"," 141    :  996  "
"1"," 12     : 4576  "
"1"," 11     : 5520  "
"1"," 141    :  979  "
"1","
"
"1","                "
"1"," 64     :  906  "
"1"," 14     : 3820  "
"1"," 14     : 5205  "
"1"," 29     :  918  "
"1"," 3      : 3904  "
"1"," 14     : 4930  "
"1"," 40     :  972  "
"1","
"
"1","                "
"1"," 29     :  862  "
"1"," 3      : 3640  "
"1"," 3      : 4394  "
"1"," 64     :  902  "
"1"," 14     : 3832  "
"1"," 3      : 4614  "
"1"," 64     :  959  "
"1","
"
"1","                "
"1"," (Other):45205  "
"1"," (Other): 1606  "
"1"," (Other): 1887  "
"1"," (Other):44953  "
"1"," (Other): 1478  "
"1"," (Other): 1673  "
"1"," (Other):44878  "
"1","
"
"1"," t1_champ3_sum1 "
"1"," t1_champ3_sum2 "
"1","  t1_champ4id   "
"1"," t1_champ4_sum1 "
"1"," t1_champ4_sum2 "
"1","  t1_champ5id   "
"1"," t1_champ5_sum1 "
"1"," t1_champ5_sum2 "
"1","
"
"1"," 4      :28019  "
"1"," 4      :22397  "
"1"," 18     : 1335  "
"1"," 4      :27988  "
"1"," 4      :22393  "
"1"," 412    : 1287  "
"1"," 4      :27966  "
"1"," 4      :22377  "
"1","
"
"1"," 7      : 4902  "
"1"," 7      : 6180  "
"1"," 412    : 1332  "
"1"," 7      : 4971  "
"1"," 7      : 6136  "
"1"," 18     : 1261  "
"1"," 12     : 5083  "
"1"," 12     : 6291  "
"1","
"
"1"," 11     : 4789  "
"1"," 12     : 6000  "
"1"," 67     : 1057  "
"1"," 11     : 4681  "
"1"," 12     : 6020  "
"1"," 67     : 1055  "
"1"," 11     : 4768  "
"1"," 7      : 5826  "
"1","
"
"1"," 12     : 4664  "
"1"," 11     : 5511  "
"1"," 64     :  962  "
"1"," 12     : 4651  "
"1"," 11     : 5579  "
"1"," 141    : 1011  "
"1"," 7      : 4500  "
"1"," 11     : 5550  "
"1","
"
"1"," 3      : 3928  "
"1"," 14     : 4894  "
"1"," 141    :  930  "
"1"," 3      : 3992  "
"1"," 14     : 4982  "
"1"," 40     :  932  "
"1"," 14     : 3917  "
"1"," 14     : 5093  "
"1","
"
"1"," 14     : 3786  "
"1"," 3      : 4738  "
"1"," 40     :  912  "
"1"," 14     : 3777  "
"1"," 3      : 4723  "
"1"," 64     :  923  "
"1"," 3      : 3763  "
"1"," 3      : 4557  "
"1","
"
"1"," (Other): 1402  "
"1"," (Other): 1770  "
"1"," (Other):44962  "
"1"," (Other): 1430  "
"1"," (Other): 1657  "
"1"," (Other):45021  "
"1"," (Other): 1493  "
"1"," (Other): 1796  "
"1","
"
"1"," t1_towerKills   "
"1"," t1_inhibitorKills"
"1"," t1_baronKills   "
"1"," t1_dragonKills "
"1"," t1_riftHeraldKills"
"1","    t1_ban1     "
"1","    t1_ban2     "
"1","    t1_ban3     "
"1","
"
"1"," Min.   : 0.000  "
"1"," Min.   : 0.000   "
"1"," Min.   :0.0000  "
"1"," Min.   :0.000  "
"1"," Min.   :0.0000    "
"1"," 157    : 3403  "
"1"," 157    : 3376  "
"1"," 157    : 3232  "
"1","
"
"1"," 1st Qu.: 2.000  "
"1"," 1st Qu.: 0.000   "
"1"," 1st Qu.:0.0000  "
"1"," 1st Qu.:0.000  "
"1"," 1st Qu.:0.0000    "
"1"," 238    : 2511  "
"1"," 238    : 2615  "
"1"," 238    : 2597  "
"1","
"
"1"," Median : 6.000  "
"1"," Median : 1.000   "
"1"," Median :0.0000  "
"1"," Median :1.000  "
"1"," Median :0.0000    "
"1"," 31     : 2460  "
"1"," 31     : 2513  "
"1"," 31     : 2532  "
"1","
"
"1"," Mean   : 5.699  "
"1"," Mean   : 1.018   "
"1"," Mean   :0.3723  "
"1"," Mean   :1.387  "
"1"," Mean   :0.2515    "
"1"," 122    : 2319  "
"1"," 122    : 2283  "
"1"," 122    : 2325  "
"1","
"
"1"," 3rd Qu.: 9.000  "
"1"," 3rd Qu.: 2.000   "
"1"," 3rd Qu.:1.0000  "
"1"," 3rd Qu.:2.000  "
"1"," 3rd Qu.:1.0000    "
"1"," 40     : 2083  "
"1"," 119    : 2003  "
"1"," 40     : 2053  "
"1","
"
"1"," Max.   :11.000  "
"1"," Max.   :10.000   "
"1"," Max.   :5.0000  "
"1"," Max.   :6.000  "
"1"," Max.   :1.0000    "
"1"," 119    : 2032  "
"1"," 40     : 1959  "
"1"," 119    : 1985  "
"1","
"
"1","                 "
"1","                  "
"1","                 "
"1","                "
"1","                   "
"1"," (Other):36682  "
"1"," (Other):36741  "
"1"," (Other):36766  "
"1","
"
"1","    t1_ban4     "
"1","    t1_ban5     "
"1","  t2_champ1id   "
"1"," t2_champ1_sum1 "
"1"," t2_champ1_sum2 "
"1","  t2_champ2id   "
"1"," t2_champ2_sum1 "
"1"," t2_champ2_sum2 "
"1","
"
"1"," 157    : 3211  "
"1"," 157    : 3396  "
"1"," 18     : 1259  "
"1"," 4      :28182  "
"1"," 4      :22204  "
"1"," 412    : 1339  "
"1"," 4      :28037  "
"1"," 4      :22427  "
"1","
"
"1"," 31     : 2454  "
"1"," 238    : 2591  "
"1"," 412    : 1254  "
"1"," 12     : 4979  "
"1"," 12     : 6358  "
"1"," 18     : 1328  "
"1"," 7      : 4854  "
"1"," 7      : 6197  "
"1","
"
"1"," 238    : 2441  "
"1"," 31     : 2519  "
"1"," 67     : 1072  "
"1"," 11     : 4591  "
"1"," 7      : 5934  "
"1"," 67     : 1113  "
"1"," 12     : 4693  "
"1"," 12     : 6085  "
"1","
"
"1"," 122    : 2347  "
"1"," 122    : 2353  "
"1"," 141    :  966  "
"1"," 7      : 4477  "
"1"," 11     : 5656  "
"1"," 141    :  993  "
"1"," 11     : 4690  "
"1"," 11     : 5558  "
"1","
"
"1"," 40     : 2102  "
"1"," 40     : 2061  "
"1"," 64     :  893  "
"1"," 14     : 3937  "
"1"," 14     : 5047  "
"1"," 64     :  962  "
"1"," 3      : 3912  "
"1"," 14     : 4875  "
"1","
"
"1"," 119    : 2010  "
"1"," 119    : 2015  "
"1"," 29     :  876  "
"1"," 3      : 3756  "
"1"," 3      : 4459  "
"1"," 29     :  920  "
"1"," 14     : 3823  "
"1"," 3      : 4596  "
"1","
"
"1"," (Other):36925  "
"1"," (Other):36555  "
"1"," (Other):45170  "
"1"," (Other): 1568  "
"1"," (Other): 1832  "
"1"," (Other):44835  "
"1"," (Other): 1481  "
"1"," (Other): 1752  "
"1","
"
"1","  t2_champ3id   "
"1"," t2_champ3_sum1 "
"1"," t2_champ3_sum2 "
"1","  t2_champ4id   "
"1"," t2_champ4_sum1 "
"1"," t2_champ4_sum2 "
"1","  t2_champ5id   "
"1"," t2_champ5_sum1 "
"1","
"
"1"," 412    : 1342  "
"1"," 4      :28170  "
"1"," 4      :22255  "
"1"," 18     : 1348  "
"1"," 4      :28089  "
"1"," 4      :22322  "
"1"," 412    : 1300  "
"1"," 4      :27838  "
"1","
"
"1"," 18     : 1313  "
"1"," 7      : 4834  "
"1"," 7      : 6173  "
"1"," 412    : 1302  "
"1"," 7      : 4896  "
"1"," 7      : 6276  "
"1"," 18     : 1250  "
"1"," 12     : 5024  "
"1","
"
"1"," 67     : 1037  "
"1"," 12     : 4736  "
"1"," 12     : 6067  "
"1"," 67     : 1090  "
"1"," 11     : 4894  "
"1"," 12     : 5926  "
"1"," 141    : 1078  "
"1"," 11     : 4777  "
"1","
"
"1"," 141    :  933  "
"1"," 11     : 4621  "
"1"," 11     : 5594  "
"1"," 141    :  961  "
"1"," 12     : 4581  "
"1"," 11     : 5594  "
"1"," 67     : 1035  "
"1"," 7      : 4571  "
"1","
"
"1"," 64     :  915  "
"1"," 3      : 3928  "
"1"," 14     : 4980  "
"1"," 498    :  900  "
"1"," 3      : 3855  "
"1"," 14     : 4899  "
"1"," 64     :  900  "
"1"," 14     : 3956  "
"1","
"
"1"," 29     :  903  "
"1"," 14     : 3758  "
"1"," 3      : 4704  "
"1"," 64     :  866  "
"1"," 14     : 3715  "
"1"," 3      : 4717  "
"1"," 29     :  849  "
"1"," 3      : 3885  "
"1","
"
"1"," (Other):45047  "
"1"," (Other): 1443  "
"1"," (Other): 1717  "
"1"," (Other):45023  "
"1"," (Other): 1460  "
"1"," (Other): 1756  "
"1"," (Other):45078  "
"1"," (Other): 1439  "
"1","
"
"1"," t2_champ5_sum2 "
"1"," t2_towerKills   "
"1"," t2_inhibitorKills"
"1"," t2_baronKills   "
"1"," t2_dragonKills "
"1"," t2_riftHeraldKills"
"1","    t2_ban1     "
"1","    t2_ban2     "
"1","
"
"1"," 4      :22589  "
"1"," Min.   : 0.000  "
"1"," Min.   : 0.0000  "
"1"," Min.   :0.0000  "
"1"," Min.   :0.000  "
"1"," Min.   :0.0000    "
"1"," 157    : 3307  "
"1"," 157    : 3343  "
"1","
"
"1"," 12     : 6350  "
"1"," 1st Qu.: 2.000  "
"1"," 1st Qu.: 0.0000  "
"1"," 1st Qu.:0.0000  "
"1"," 1st Qu.:0.000  "
"1"," 1st Qu.:0.0000    "
"1"," 238    : 2544  "
"1"," 238    : 2504  "
"1","
"
"1"," 7      : 5746  "
"1"," Median : 6.000  "
"1"," Median : 0.0000  "
"1"," Median :0.0000  "
"1"," Median :1.000  "
"1"," Median :0.0000    "
"1"," 31     : 2538  "
"1"," 31     : 2502  "
"1","
"
"1"," 11     : 5563  "
"1"," Mean   : 5.549  "
"1"," Mean   : 0.9851  "
"1"," Mean   :0.4145  "
"1"," Mean   :1.404  "
"1"," Mean   :0.2401    "
"1"," 40     : 2308  "
"1"," 122    : 2320  "
"1","
"
"1"," 14     : 5032  "
"1"," 3rd Qu.: 9.000  "
"1"," 3rd Qu.: 2.0000  "
"1"," 3rd Qu.:1.0000  "
"1"," 3rd Qu.:2.000  "
"1"," 3rd Qu.:0.0000    "
"1"," 122    : 2274  "
"1"," 40     : 2158  "
"1","
"
"1"," 3      : 4511  "
"1"," Max.   :11.000  "
"1"," Max.   :10.0000  "
"1"," Max.   :4.0000  "
"1"," Max.   :6.000  "
"1"," Max.   :1.0000    "
"1"," 119    : 2011  "
"1"," 119    : 2027  "
"1","
"
"1"," (Other): 1699  "
"1","                 "
"1","                  "
"1","                 "
"1","                "
"1","                   "
"1"," (Other):36508  "
"1"," (Other):36636  "
"1","
"
"1","    t2_ban3     "
"1","    t2_ban4     "
"1","    t2_ban5     "
"1","
"
"1"," 157    : 3320  "
"1"," 157    : 3278  "
"1"," 157    : 3149  "
"1","
"
"1"," 238    : 2505  "
"1"," 31     : 2618  "
"1"," 238    : 2594  "
"1","
"
"1"," 31     : 2493  "
"1"," 238    : 2491  "
"1"," 31     : 2546  "
"1","
"
"1"," 122    : 2275  "
"1"," 40     : 2172  "
"1"," 40     : 2275  "
"1","
"
"1"," 40     : 2219  "
"1"," 122    : 2156  "
"1"," 122    : 2218  "
"1","
"
"1"," 119    : 2029  "
"1"," 119    : 2064  "
"1"," 119    : 2086  "
"1","
"
"1"," (Other):36649  "
"1"," (Other):36711  "
"1"," (Other):36622  "
"1","
"
